activemq	batch_read_function	connection_check_function	error_handle_function	stream_read_function	timestamp_to_stream_offset_function	write_record_function
aliyun-adb-mysql	after_initial_sync_function	alter_field_attributes_function	alter_field_name_function	batch_count_function	batch_read_function	clear_table_function	count_by_partition_filter_function	create_constraint_function	create_index_function	create_table_v2_function	drop_constraint_function	drop_field_function	drop_table_function	error_handle_function	execute_command_function	execute_command_v2_function	export_event_sql_function	get_table_info_function	get_table_names_function	new_field_function	query_by_advance_filter_function	query_constraints_function	query_hash_by_advance_filter_function	query_indexes_function	run_raw_command_function	stream_read_multi_connection_function	transaction_begin_function	transaction_commit_function	transaction_rollback_function	write_record_function
aliyun-adb-postgres	after_initial_sync_function	alter_field_attributes_function	alter_field_name_function	batch_count_function	batch_read_function	clear_table_function	count_by_partition_filter_function	count_raw_command_function	create_constraint_function	create_index_function	create_table_v2_function	delete_index_function	drop_constraint_function	drop_field_function	drop_table_function	error_handle_function	execute_command_function	execute_command_v2_function	export_event_sql_function	flush_offset_function	get_stream_offset_function	get_table_info_function	get_table_names_function	new_field_function	query_by_advance_filter_function	query_by_filter_function	query_constraints_function	query_hash_by_advance_filter_function	query_indexes_function	release_external_function	run_raw_command_function	stream_read_function	stream_read_multi_connection_function	timestamp_to_stream_offset_function	transaction_begin_function	transaction_commit_function	transaction_rollback_function	write_record_function
aliyun-db-mongodb	batch_count_function	batch_read_function	count_by_partition_filter_function	create_index_function	create_table_v2_function	drop_table_function	error_handle_function	execute_command_function	get_read_partitions_function	get_table_info_function	get_table_names_function	query_by_advance_filter_function	query_field_min_max_value_function	query_indexes_function	stream_read_function	timestamp_to_stream_offset_function	transaction_begin_function	transaction_commit_function	transaction_rollback_function	write_record_function
aliyun-rds-mariadb	after_initial_sync_function	alter_field_attributes_function	alter_field_name_function	batch_count_function	batch_read_function	clear_table_function	count_by_partition_filter_function	create_constraint_function	create_index_function	create_table_v2_function	drop_constraint_function	drop_field_function	drop_table_function	error_handle_function	execute_command_function	execute_command_v2_function	export_event_sql_function	get_table_info_function	get_table_names_function	new_field_function	query_by_advance_filter_function	query_constraints_function	query_hash_by_advance_filter_function	query_indexes_function	run_raw_command_function	stream_read_function	stream_read_multi_connection_function	timestamp_to_stream_offset_function	transaction_begin_function	transaction_commit_function	transaction_rollback_function	write_record_function
aliyun-rds-mysql	after_initial_sync_function	alter_field_attributes_function	alter_field_name_function	batch_count_function	batch_read_function	clear_table_function	count_by_partition_filter_function	create_constraint_function	create_index_function	create_table_v2_function	drop_constraint_function	drop_field_function	drop_table_function	error_handle_function	execute_command_function	execute_command_v2_function	export_event_sql_function	get_table_info_function	get_table_names_function	new_field_function	query_by_advance_filter_function	query_constraints_function	query_hash_by_advance_filter_function	query_indexes_function	run_raw_command_function	stream_read_function	stream_read_multi_connection_function	timestamp_to_stream_offset_function	transaction_begin_function	transaction_commit_function	transaction_rollback_function	write_record_function
aliyun-rds-postgres	after_initial_sync_function	alter_field_attributes_function	alter_field_name_function	batch_count_function	batch_read_function	clear_table_function	count_by_partition_filter_function	count_raw_command_function	create_constraint_function	create_index_function	create_table_v2_function	delete_index_function	drop_constraint_function	drop_field_function	drop_table_function	error_handle_function	execute_command_function	execute_command_v2_function	export_event_sql_function	flush_offset_function	get_stream_offset_function	get_table_info_function	get_table_names_function	new_field_function	query_by_advance_filter_function	query_by_filter_function	query_constraints_function	query_hash_by_advance_filter_function	query_indexes_function	release_external_function	run_raw_command_function	stream_read_function	stream_read_multi_connection_function	timestamp_to_stream_offset_function	transaction_begin_function	transaction_commit_function	transaction_rollback_function	write_record_function
aws-rds-mysql	after_initial_sync_function	alter_field_attributes_function	alter_field_name_function	batch_count_function	batch_read_function	clear_table_function	count_by_partition_filter_function	create_constraint_function	create_index_function	create_table_v2_function	drop_constraint_function	drop_field_function	drop_table_function	error_handle_function	execute_command_function	execute_command_v2_function	export_event_sql_function	get_table_info_function	get_table_names_function	new_field_function	query_by_advance_filter_function	query_constraints_function	query_hash_by_advance_filter_function	query_indexes_function	run_raw_command_function	stream_read_function	stream_read_multi_connection_function	timestamp_to_stream_offset_function	transaction_begin_function	transaction_commit_function	transaction_rollback_function	write_record_function
azure-cosmosdb	batch_count_function	batch_read_function	error_handle_function	get_table_names_function
bigquery	clear_table_function	command_callback_function	create_table_v2_function	drop_table_function	error_handle_function	release_external_function	write_record_function
clickhouse	alter_field_attributes_function	alter_field_name_function	batch_count_function	batch_read_function	clear_table_function	count_by_partition_filter_function	count_raw_command_function	create_table_v2_function	drop_field_function	drop_table_function	error_handle_function	execute_command_function	get_table_info_function	new_field_function	query_by_advance_filter_function	query_by_filter_function	run_raw_command_function	write_record_function
coding	batch_count_function	batch_read_function	command_callback_function	error_handle_function	raw_data_callback_filter_function_v2	stream_read_function	timestamp_to_stream_offset_function
csv	batch_count_function	batch_read_function	error_handle_function	stream_read_function	timestamp_to_stream_offset_function	write_record_function
custom	batch_count_function	batch_read_function	command_callback_function	error_handle_function	stream_read_function	timestamp_to_stream_offset_function	write_record_function
databend	clear_table_function	create_table_function	drop_table_function	error_handle_function	execute_command_function	query_by_advance_filter_function	write_record_function
doris	alter_field_attributes_function	alter_field_name_function	batch_count_function	batch_read_function	clear_table_function	count_by_partition_filter_function	create_table_v2_function	drop_field_function	drop_table_function	error_handle_function	execute_command_function	get_table_info_function	new_field_function	query_by_advance_filter_function	query_by_filter_function	write_record_function
dummy	alter_field_attributes_function	alter_field_name_function	batch_count_function	batch_read_function	clear_table_function	drop_field_function	drop_table_function	error_handle_function	get_table_names_function	new_field_function	query_by_advance_filter_function	stream_read_function	timestamp_to_stream_offset_function	write_record_function
elasticsearch	clear_table_function	create_table_function	drop_table_function	error_handle_function	query_by_filter_function	write_record_function
excel	batch_count_function	batch_read_function	error_handle_function	stream_read_function	timestamp_to_stream_offset_function
hazelcast	clear_table_function	create_table_v2_function	drop_table_function	error_handle_function	get_table_names_function	write_record_function
hbase	batch_count_function	batch_read_function	create_table_v2_function	drop_table_function	error_handle_function	get_table_names_function	write_record_function
http-receiver	batch_read_function	command_callback_function	raw_data_callback_filter_function_v2	timestamp_to_stream_offset_function
json	batch_count_function	batch_read_function	error_handle_function	stream_read_function	timestamp_to_stream_offset_function
kafka	alter_field_attributes_function	alter_field_name_function	batch_read_function	connection_check_function	create_table_v2_function	drop_field_function	error_handle_function	new_field_function	stream_read_function	timestamp_to_stream_offset_function	write_record_function
kafka_avro	alter_field_attributes_function	alter_field_name_function	alter_table_t_t_l_function	batch_count_function	batch_read_function	create_table_v2_function	drop_field_function	drop_table_function	error_handle_function	get_table_names_function	new_field_function	query_by_advance_filter_function	stream_read_function	timestamp_to_stream_offset_function	transaction_begin_function	transaction_commit_function	transaction_rollback_function	write_record_function
kafka_enhanced	alter_field_attributes_function	alter_field_name_function	alter_table_t_t_l_function	batch_count_function	batch_read_function	create_table_v2_function	drop_field_function	drop_table_function	error_handle_function	get_table_names_function	new_field_function	query_by_advance_filter_function	stream_read_function	timestamp_to_stream_offset_function	transaction_begin_function	transaction_commit_function	transaction_rollback_function	write_record_function
mariadb	after_initial_sync_function	alter_field_attributes_function	alter_field_name_function	batch_count_function	batch_read_function	clear_table_function	count_by_partition_filter_function	create_constraint_function	create_index_function	create_table_v2_function	drop_constraint_function	drop_field_function	drop_table_function	error_handle_function	execute_command_function	execute_command_v2_function	export_event_sql_function	get_table_info_function	get_table_names_function	new_field_function	query_by_advance_filter_function	query_constraints_function	query_hash_by_advance_filter_function	query_indexes_function	run_raw_command_function	stream_read_function	stream_read_multi_connection_function	timestamp_to_stream_offset_function	transaction_begin_function	transaction_commit_function	transaction_rollback_function	write_record_function
mongodb	batch_count_function	batch_read_function	count_by_partition_filter_function	create_index_function	create_table_v2_function	drop_table_function	error_handle_function	execute_command_function	get_read_partitions_function	get_table_info_function	get_table_names_function	query_by_advance_filter_function	query_field_min_max_value_function	query_indexes_function	stream_read_function	timestamp_to_stream_offset_function	transaction_begin_function	transaction_commit_function	transaction_rollback_function	write_record_function
mongodb-atlas	batch_count_function	batch_read_function	count_by_partition_filter_function	create_index_function	create_table_v2_function	drop_table_function	error_handle_function	execute_command_function	get_read_partitions_function	get_table_info_function	get_table_names_function	query_by_advance_filter_function	query_field_min_max_value_function	query_indexes_function	stream_read_function	timestamp_to_stream_offset_function	transaction_begin_function	transaction_commit_function	transaction_rollback_function	write_record_function
mysql	after_initial_sync_function	alter_field_attributes_function	alter_field_name_function	batch_count_function	batch_read_function	clear_table_function	count_by_partition_filter_function	create_constraint_function	create_index_function	create_table_v2_function	drop_constraint_function	drop_field_function	drop_table_function	error_handle_function	execute_command_function	execute_command_v2_function	export_event_sql_function	get_table_info_function	get_table_names_function	new_field_function	query_by_advance_filter_function	query_constraints_function	query_hash_by_advance_filter_function	query_indexes_function	run_raw_command_function	stream_read_function	stream_read_multi_connection_function	timestamp_to_stream_offset_function	transaction_begin_function	transaction_commit_function	transaction_rollback_function	write_record_function
mysql-pxc	after_initial_sync_function	alter_field_attributes_function	alter_field_name_function	batch_count_function	batch_read_function	clear_table_function	count_by_partition_filter_function	create_constraint_function	create_index_function	create_table_v2_function	drop_constraint_function	drop_field_function	drop_table_function	error_handle_function	execute_command_function	execute_command_v2_function	export_event_sql_function	get_table_info_function	get_table_names_function	new_field_function	query_by_advance_filter_function	query_constraints_function	query_hash_by_advance_filter_function	query_indexes_function	run_raw_command_function	stream_read_function	stream_read_multi_connection_function	timestamp_to_stream_offset_function	transaction_begin_function	transaction_commit_function	transaction_rollback_function	write_record_function
oceanbase	alter_field_attributes_function	alter_field_name_function	batch_count_function	batch_read_function	create_table_v2_function	drop_field_function	drop_table_function	error_handle_function	execute_command_function	get_table_info_function	new_field_function	query_by_advance_filter_function	query_by_filter_function	run_raw_command_function	stream_read_function	timestamp_to_stream_offset_function	write_record_function
open-gauss	alter_field_attributes_function	alter_field_name_function	batch_count_function	batch_read_function	clear_table_function	count_by_partition_filter_function	create_index_function	create_table_v2_function	drop_field_function	drop_table_function	error_handle_function	execute_command_function	get_table_info_function	get_table_names_function	new_field_function	query_by_advance_filter_function	query_by_filter_function	query_hash_by_advance_filter_function	run_raw_command_function	write_record_function
oracle	alter_field_attributes_function	alter_field_name_function	batch_count_function	batch_read_function	clear_table_function	count_by_partition_filter_function	count_raw_command_function	create_index_function	create_table_v2_function	drop_field_function	drop_table_function	error_handle_function	execute_command_function	execute_command_v2_function	export_event_sql_function	get_read_partitions_function	get_stream_offset_function	get_table_info_function	get_table_names_function	new_field_function	query_by_advance_filter_function	query_by_filter_function	query_field_min_max_value_function	query_hash_by_advance_filter_function	query_indexes_function	release_external_function	run_raw_command_function	stream_read_function	stream_read_multi_connection_function	timestamp_to_stream_offset_function	transaction_begin_function	transaction_commit_function	transaction_rollback_function	write_record_function
paimon-plus	after_initial_sync_function	batch_count_function	batch_read_function	clear_table_function	create_index_function	create_table_v2_function	drop_table_function	process_control_function	query_by_advance_filter_function	stream_read_function	timestamp_to_stream_offset_function	write_record_function
polar-db-mysql	after_initial_sync_function	alter_field_attributes_function	alter_field_name_function	batch_count_function	batch_read_function	clear_table_function	count_by_partition_filter_function	create_constraint_function	create_index_function	create_table_v2_function	drop_constraint_function	drop_field_function	drop_table_function	error_handle_function	execute_command_function	execute_command_v2_function	export_event_sql_function	get_table_info_function	get_table_names_function	new_field_function	query_by_advance_filter_function	query_constraints_function	query_hash_by_advance_filter_function	query_indexes_function	run_raw_command_function	stream_read_function	stream_read_multi_connection_function	timestamp_to_stream_offset_function	transaction_begin_function	transaction_commit_function	transaction_rollback_function	write_record_function
polar-db-postgres	after_initial_sync_function	alter_field_attributes_function	alter_field_name_function	batch_count_function	batch_read_function	clear_table_function	count_by_partition_filter_function	count_raw_command_function	create_constraint_function	create_index_function	create_table_v2_function	delete_index_function	drop_constraint_function	drop_field_function	drop_table_function	error_handle_function	execute_command_function	execute_command_v2_function	export_event_sql_function	flush_offset_function	get_stream_offset_function	get_table_info_function	get_table_names_function	new_field_function	query_by_advance_filter_function	query_by_filter_function	query_constraints_function	query_hash_by_advance_filter_function	query_indexes_function	release_external_function	run_raw_command_function	stream_read_function	stream_read_multi_connection_function	timestamp_to_stream_offset_function	transaction_begin_function	transaction_commit_function	transaction_rollback_function	write_record_function
postgres	after_initial_sync_function	alter_field_attributes_function	alter_field_name_function	batch_count_function	batch_read_function	clear_table_function	count_by_partition_filter_function	count_raw_command_function	create_constraint_function	create_index_function	create_table_v2_function	delete_index_function	drop_constraint_function	drop_field_function	drop_table_function	error_handle_function	execute_command_function	execute_command_v2_function	export_event_sql_function	flush_offset_function	get_stream_offset_function	get_table_info_function	get_table_names_function	new_field_function	query_by_advance_filter_function	query_by_filter_function	query_constraints_function	query_hash_by_advance_filter_function	query_indexes_function	release_external_function	run_raw_command_function	stream_read_function	stream_read_multi_connection_function	timestamp_to_stream_offset_function	transaction_begin_function	transaction_commit_function	transaction_rollback_function	write_record_function
quickapi	batch_count_function	batch_read_function	error_handle_function	timestamp_to_stream_offset_function
rabbitmq	batch_read_function	connection_check_function	error_handle_function	stream_read_function	timestamp_to_stream_offset_function	write_record_function
redis	batch_count_function	batch_read_function	create_table_function	drop_table_function	error_handle_function	stream_read_function	timestamp_to_stream_offset_function	write_record_function
risingwave	clear_table_function	create_table_v2_function	drop_table_function	release_external_function	write_record_function
rocketmq	batch_read_function	connection_check_function	create_table_v2_function	error_handle_function	stream_read_function	timestamp_to_stream_offset_function	write_record_function
selectdb	alter_field_attributes_function	alter_field_name_function	batch_count_function	clear_table_function	create_table_v2_function	drop_field_function	drop_table_function	error_handle_function	get_table_names_function	new_field_function	query_by_advance_filter_function	query_by_filter_function	write_record_function
snowflake	alter_field_attributes_function	alter_field_name_function	batch_count_function	batch_read_function	clear_table_function	create_table_v2_function	drop_field_function	drop_table_function	error_handle_function	execute_command_function	get_table_names_function	new_field_function	query_by_advance_filter_function	query_by_filter_function	write_record_function
sqlserver	after_initial_sync_function	alter_field_attributes_function	alter_field_name_function	batch_count_function	batch_read_function	clear_table_function	connection_check_function	count_by_partition_filter_function	count_raw_command_function	create_constraint_function	create_index_function	create_table_v2_function	drop_field_function	drop_partition_table_function	drop_table_function	error_handle_function	execute_command_function	export_event_sql_function	get_stream_offset_function	get_table_info_function	get_table_names_function	new_field_function	query_by_advance_filter_function	query_by_filter_function	query_constraints_function	query_hash_by_advance_filter_function	query_indexes_function	run_raw_command_function	stream_read_function	timestamp_to_stream_offset_function	transaction_begin_function	transaction_commit_function	transaction_rollback_function	write_record_function
starrocks	alter_field_attributes_function	batch_count_function	batch_read_function	clear_table_function	count_by_partition_filter_function	create_table_v2_function	drop_field_function	drop_table_function	error_handle_function	execute_command_function	get_table_info_function	new_field_function	process_control_function	query_by_advance_filter_function	query_by_filter_function	write_record_function
tablestore	create_table_v2_function	drop_table_function	error_handle_function	write_record_function
tdengine	alter_field_attributes_function	alter_field_name_function	batch_count_function	batch_read_function	clear_table_function	count_by_partition_filter_function	create_table_v2_function	drop_field_function	drop_table_function	error_handle_function	get_table_names_function	new_field_function	query_by_advance_filter_function	query_by_filter_function	release_external_function	stream_read_function	timestamp_to_stream_offset_function	write_record_function
tencent-db-mariadb	after_initial_sync_function	alter_field_attributes_function	alter_field_name_function	batch_count_function	batch_read_function	clear_table_function	count_by_partition_filter_function	create_constraint_function	create_index_function	create_table_v2_function	drop_constraint_function	drop_field_function	drop_table_function	error_handle_function	execute_command_function	execute_command_v2_function	export_event_sql_function	get_table_info_function	get_table_names_function	new_field_function	query_by_advance_filter_function	query_constraints_function	query_hash_by_advance_filter_function	query_indexes_function	run_raw_command_function	stream_read_function	stream_read_multi_connection_function	timestamp_to_stream_offset_function	transaction_begin_function	transaction_commit_function	transaction_rollback_function	write_record_function
tencent-db-mongodb	batch_count_function	batch_read_function	count_by_partition_filter_function	create_index_function	create_table_v2_function	drop_table_function	error_handle_function	execute_command_function	get_read_partitions_function	get_table_info_function	get_table_names_function	query_by_advance_filter_function	query_field_min_max_value_function	query_indexes_function	stream_read_function	timestamp_to_stream_offset_function	transaction_begin_function	transaction_commit_function	transaction_rollback_function	write_record_function
tencent-db-postgres	after_initial_sync_function	alter_field_attributes_function	alter_field_name_function	batch_count_function	batch_read_function	clear_table_function	count_by_partition_filter_function	count_raw_command_function	create_constraint_function	create_index_function	create_table_v2_function	delete_index_function	drop_constraint_function	drop_field_function	drop_table_function	error_handle_function	execute_command_function	execute_command_v2_function	export_event_sql_function	flush_offset_function	get_stream_offset_function	get_table_info_function	get_table_names_function	new_field_function	query_by_advance_filter_function	query_by_filter_function	query_constraints_function	query_hash_by_advance_filter_function	query_indexes_function	release_external_function	run_raw_command_function	stream_read_function	stream_read_multi_connection_function	timestamp_to_stream_offset_function	transaction_begin_function	transaction_commit_function	transaction_rollback_function	write_record_function
tidb	alter_field_attributes_function	alter_field_name_function	batch_count_function	batch_read_function	clear_table_function	count_by_partition_filter_function	create_index_function	create_table_v2_function	drop_field_function	drop_table_function	error_handle_function	execute_command_function	get_table_info_function	get_table_names_function	new_field_function	query_by_advance_filter_function	release_external_function	run_raw_command_function	stream_read_function	timestamp_to_stream_offset_function	write_record_function
vika	clear_table_function	create_table_v2_function	error_handle_function	write_record_function
xml	batch_count_function	batch_read_function	error_handle_function	stream_read_function	timestamp_to_stream_offset_function
zoho-desk	batch_count_function	batch_read_function	command_callback_function	error_handle_function	raw_data_callback_filter_function_v2	timestamp_to_stream_offset_function
